what,kind,bundleId,bundleVersion,description,time
activated,editor,org.eclipse.jdt.ui,3.7.2.v20120109-1427,"org.eclipse.jdt.ui.CompilationUnitEditor",1414565638420
executed,command,org.eclipse.ui,3.7.0.v20110928-1505,"org.eclipse.ui.file.save",1414565659337
activated,editor,org.eclipse.jst.jsp.ui,1.1.602.v201112071516,"org.eclipse.jst.jsp.core.jspsource.source",1414565660637
activated,view,org.eclipse.ui.navigator.resources,3.4.300.v20110928-1505,"org.eclipse.ui.navigator.ProjectExplorer",1414565665564
opened,editor,org.eclipse.ui.browser,3.3.101.v20111019-1723,"org.eclipse.ui.browser.editor",1414565666584
activated,editor,org.eclipse.ui.browser,3.3.101.v20111019-1723,"org.eclipse.ui.browser.editor",1414565666614
activated,view,org.eclipse.ui.navigator.resources,3.4.300.v20110928-1505,"org.eclipse.ui.navigator.ProjectExplorer",1414565667171
activated,editor,org.eclipse.jst.jsp.ui,1.1.602.v201112071516,"org.eclipse.jst.jsp.core.jspsource.source",1414565669471
activated,editor,org.eclipse.ui.browser,3.3.101.v20111019-1723,"org.eclipse.ui.browser.editor",1414565671171
activated,view,org.eclipse.ui.navigator.resources,3.4.300.v20110928-1505,"org.eclipse.ui.navigator.ProjectExplorer",1414565685733
activated,editor,org.eclipse.jst.jsp.ui,1.1.602.v201112071516,"org.eclipse.jst.jsp.core.jspsource.source",1414565685913
activated,editor,org.eclipse.ui.browser,3.3.101.v20111019-1723,"org.eclipse.ui.browser.editor",1414565696335
activated,editor,org.eclipse.jst.jsp.ui,1.1.602.v201112071516,"org.eclipse.jst.jsp.core.jspsource.source",1414565701927
activated,editor,org.eclipse.ui.browser,3.3.101.v20111019-1723,"org.eclipse.ui.browser.editor",1414565723767
no handler,command,org.eclipse.ui,3.7.0.v20110928-1505,"org.eclipse.ui.edit.copy",1414565734507
no handler,command,org.eclipse.ui,3.7.0.v20110928-1505,"org.eclipse.ui.edit.copy",1414565734507
activated,editor,org.eclipse.jst.jsp.ui,1.1.602.v201112071516,"org.eclipse.jst.jsp.core.jspsource.source",1414565735207
activated,editor,org.eclipse.jst.jsp.ui,1.1.602.v201112071516,"org.eclipse.jst.jsp.core.jspsource.source",1414565737307
deactivated,workbench,org.eclipse.ui.workbench,3.7.1.v20120104-1859,"",1414565739207
executed,command,org.eclipse.ui,3.7.0.v20110928-1505,"org.eclipse.ui.edit.findReplace",1414565739227
executed,command,org.eclipse.ui,3.7.0.v20110928-1505,"org.eclipse.ui.edit.paste",1414565739808
activated,workbench,org.eclipse.ui.workbench,3.7.1.v20120104-1859,"",1414565756275
executed,command,org.eclipse.ui,3.7.0.v20110928-1505,"org.eclipse.ui.file.save",1414565760278
activated,editor,org.eclipse.jst.jsp.ui,1.1.602.v201112071516,"org.eclipse.jst.jsp.core.jspsource.source",1414565764099
opened,editor,org.eclipse.ui.browser,3.3.101.v20111019-1723,"org.eclipse.ui.browser.editor",1414565768706
activated,editor,org.eclipse.ui.browser,3.3.101.v20111019-1723,"org.eclipse.ui.browser.editor",1414565768736
activated,view,org.eclipse.ui.navigator.resources,3.4.300.v20110928-1505,"org.eclipse.ui.navigator.ProjectExplorer",1414565778846
activated,editor,org.eclipse.ui.browser,3.3.101.v20111019-1723,"org.eclipse.ui.browser.editor",1414565779916
activated,view,org.eclipse.ui.navigator.resources,3.4.300.v20110928-1505,"org.eclipse.ui.navigator.ProjectExplorer",1414565783989
activated,editor,org.eclipse.jst.jsp.ui,1.1.602.v201112071516,"org.eclipse.jst.jsp.core.jspsource.source",1414565784489
activated,editor,org.eclipse.ui.browser,3.3.101.v20111019-1723,"org.eclipse.ui.browser.editor",1414565786266
activated,editor,org.eclipse.ui.browser,3.3.101.v20111019-1723,"org.eclipse.ui.browser.editor",1414565786986
activated,editor,org.eclipse.jdt.ui,3.7.2.v20120109-1427,"org.eclipse.jdt.ui.CompilationUnitEditor",1414565789996
executed,command,org.eclipse.ui,3.7.0.v20110928-1505,"org.eclipse.ui.edit.delete",1414565804190
executed,command,org.eclipse.ui,3.7.0.v20110928-1505,"org.eclipse.ui.edit.delete",1414565804350
executed,command,org.eclipse.ui,3.7.0.v20110928-1505,"org.eclipse.ui.edit.copy",1414565811911
executed,command,org.eclipse.ui,3.7.0.v20110928-1505,"org.eclipse.ui.edit.copy",1414565812141
executed,command,org.eclipse.ui,3.7.0.v20110928-1505,"org.eclipse.ui.edit.copy",1414565812321
executed,command,org.eclipse.ui,3.7.0.v20110928-1505,"org.eclipse.ui.edit.copy",1414565813053
activated,view,org.eclipse.ui.navigator.resources,3.4.300.v20110928-1505,"org.eclipse.ui.navigator.ProjectExplorer",1414565814634
activated,editor,org.eclipse.jst.jsp.ui,1.1.602.v201112071516,"org.eclipse.jst.jsp.core.jspsource.source",1414565814784
executed,command,org.eclipse.ui,3.7.0.v20110928-1505,"org.eclipse.ui.edit.paste",1414565819065
executed,command,org.eclipse.ui,3.7.0.v20110928-1505,"org.eclipse.ui.file.save",1414565820188
activated,editor,org.eclipse.jst.jsp.ui,1.1.602.v201112071516,"org.eclipse.jst.jsp.core.jspsource.source",1414565834669
deactivated,workbench,org.eclipse.ui.workbench,3.7.1.v20120104-1859,"",1414565835709
activated,workbench,org.eclipse.ui.workbench,3.7.1.v20120104-1859,"",1414565836949
opened,editor,org.eclipse.ui.browser,3.3.101.v20111019-1723,"org.eclipse.ui.browser.editor",1414565840929
activated,editor,org.eclipse.ui.browser,3.3.101.v20111019-1723,"org.eclipse.ui.browser.editor",1414565840959
activated,editor,org.eclipse.ui.browser,3.3.101.v20111019-1723,"org.eclipse.ui.browser.editor",1414565854279
activated,editor,org.eclipse.ui.browser,3.3.101.v20111019-1723,"org.eclipse.ui.browser.editor",1414565855419
activated,editor,org.eclipse.ui.browser,3.3.101.v20111019-1723,"org.eclipse.ui.browser.editor",1414565857939
activated,editor,org.eclipse.ui.browser,3.3.101.v20111019-1723,"org.eclipse.ui.browser.editor",1414565858489
activated,editor,org.eclipse.jst.jsp.ui,1.1.602.v201112071516,"org.eclipse.jst.jsp.core.jspsource.source",1414565863037
activated,view,org.eclipse.ui.navigator.resources,3.4.300.v20110928-1505,"org.eclipse.ui.navigator.ProjectExplorer",1414565900339
activated,editor,org.eclipse.jst.jsp.ui,1.1.602.v201112071516,"org.eclipse.jst.jsp.core.jspsource.source",1414565902309
activated,view,org.eclipse.ui.navigator.resources,3.4.300.v20110928-1505,"org.eclipse.ui.navigator.ProjectExplorer",1414565906540
activated,editor,org.eclipse.jdt.ui,3.7.2.v20120109-1427,"org.eclipse.jdt.ui.CompilationUnitEditor",1414565906800
activated,view,org.eclipse.ui.navigator.resources,3.4.300.v20110928-1505,"org.eclipse.ui.navigator.ProjectExplorer",1414565925584
activated,editor,org.eclipse.jst.jsp.ui,1.1.602.v201112071516,"org.eclipse.jst.jsp.core.jspsource.source",1414565926385
activated,view,org.eclipse.ui.navigator.resources,3.4.300.v20110928-1505,"org.eclipse.ui.navigator.ProjectExplorer",1414565929285
activated,editor,org.eclipse.jdt.ui,3.7.2.v20120109-1427,"org.eclipse.jdt.ui.CompilationUnitEditor",1414565929435
activated,view,org.eclipse.ui.navigator.resources,3.4.300.v20110928-1505,"org.eclipse.ui.navigator.ProjectExplorer",1414565945180
activated,editor,org.eclipse.jdt.ui,3.7.2.v20120109-1427,"org.eclipse.jdt.ui.CompilationUnitEditor",1414565946750
activated,view,org.eclipse.ui.navigator.resources,3.4.300.v20110928-1505,"org.eclipse.ui.navigator.ProjectExplorer",1414565953652
activated,editor,org.eclipse.jdt.ui,3.7.2.v20120109-1427,"org.eclipse.jdt.ui.CompilationUnitEditor",1414565958006
executed,command,org.eclipse.ui,3.7.0.v20110928-1505,"org.eclipse.ui.edit.copy",1414565961278
executed,command,org.eclipse.ui,3.7.0.v20110928-1505,"org.eclipse.ui.edit.paste",1414565962578
executed,command,org.eclipse.ui,3.7.0.v20110928-1505,"org.eclipse.ui.edit.delete",1414565980094
executed,command,org.eclipse.ui,3.7.0.v20110928-1505,"org.eclipse.ui.file.save",1414565980374
activated,view,org.eclipse.ui.navigator.resources,3.4.300.v20110928-1505,"org.eclipse.ui.navigator.ProjectExplorer",1414565982084
activated,editor,org.eclipse.jst.jsp.ui,1.1.602.v201112071516,"org.eclipse.jst.jsp.core.jspsource.source",1414565984025
activated,view,org.eclipse.ui.navigator.resources,3.4.300.v20110928-1505,"org.eclipse.ui.navigator.ProjectExplorer",1414565993685
activated,editor,org.eclipse.jdt.ui,3.7.2.v20120109-1427,"org.eclipse.jdt.ui.CompilationUnitEditor",1414565993875
executed,command,org.eclipse.ui,3.7.0.v20110928-1505,"org.eclipse.ui.file.save",1414566005568
activated,view,org.eclipse.ui.navigator.resources,3.4.300.v20110928-1505,"org.eclipse.ui.navigator.ProjectExplorer",1414566007511
activated,editor,org.eclipse.jst.jsp.ui,1.1.602.v201112071516,"org.eclipse.jst.jsp.core.jspsource.source",1414566011092
opened,editor,org.eclipse.ui.browser,3.3.101.v20111019-1723,"org.eclipse.ui.browser.editor",1414566016221
activated,editor,org.eclipse.ui.browser,3.3.101.v20111019-1723,"org.eclipse.ui.browser.editor",1414566016251
activated,view,org.eclipse.ui.navigator.resources,3.4.300.v20110928-1505,"org.eclipse.ui.navigator.ProjectExplorer",1414566016898
activated,editor,org.eclipse.ui.browser,3.3.101.v20111019-1723,"org.eclipse.ui.browser.editor",1414566018748
activated,view,org.eclipse.ui.navigator.resources,3.4.300.v20110928-1505,"org.eclipse.ui.navigator.ProjectExplorer",1414566023115
activated,editor,org.eclipse.jdt.ui,3.7.2.v20120109-1427,"org.eclipse.jdt.ui.CompilationUnitEditor",1414566023305
activated,editor,org.eclipse.ui.browser,3.3.101.v20111019-1723,"org.eclipse.ui.browser.editor",1414566025561
activated,editor,org.eclipse.jdt.ui,3.7.2.v20120109-1427,"org.eclipse.jdt.ui.CompilationUnitEditor",1414566027611
activated,view,org.eclipse.ui.navigator.resources,3.4.300.v20110928-1505,"org.eclipse.ui.navigator.ProjectExplorer",1414566030792
activated,editor,org.eclipse.jst.jsp.ui,1.1.602.v201112071516,"org.eclipse.jst.jsp.core.jspsource.source",1414566041145
opened,editor,org.eclipse.ui.browser,3.3.101.v20111019-1723,"org.eclipse.ui.browser.editor",1414566046655
activated,editor,org.eclipse.ui.browser,3.3.101.v20111019-1723,"org.eclipse.ui.browser.editor",1414566046685
activated,view,org.eclipse.ui.navigator.resources,3.4.300.v20110928-1505,"org.eclipse.ui.navigator.ProjectExplorer",1414566053787
activated,editor,org.eclipse.jdt.ui,3.7.2.v20120109-1427,"org.eclipse.jdt.ui.CompilationUnitEditor",1414566053997
activated,view,org.eclipse.ui.navigator.resources,3.4.300.v20110928-1505,"org.eclipse.ui.navigator.ProjectExplorer",1414566064461
activated,editor,org.eclipse.jst.jsp.ui,1.1.602.v201112071516,"org.eclipse.jst.jsp.core.jspsource.source",1414566064681
opened,editor,org.eclipse.ui.browser,3.3.101.v20111019-1723,"org.eclipse.ui.browser.editor",1414566066241
activated,editor,org.eclipse.ui.browser,3.3.101.v20111019-1723,"org.eclipse.ui.browser.editor",1414566066261
activated,view,org.eclipse.ui.navigator.resources,3.4.300.v20110928-1505,"org.eclipse.ui.navigator.ProjectExplorer",1414566068278
activated,editor,org.eclipse.jst.jsp.ui,1.1.602.v201112071516,"org.eclipse.jst.jsp.core.jspsource.source",1414566068458
opened,editor,org.eclipse.ui.browser,3.3.101.v20111019-1723,"org.eclipse.ui.browser.editor",1414566069488
activated,editor,org.eclipse.ui.browser,3.3.101.v20111019-1723,"org.eclipse.ui.browser.editor",1414566069518
activated,view,org.eclipse.ui.navigator.resources,3.4.300.v20110928-1505,"org.eclipse.ui.navigator.ProjectExplorer",1414566091942
activated,editor,org.eclipse.jdt.ui,3.7.2.v20120109-1427,"org.eclipse.jdt.ui.CompilationUnitEditor",1414566092222
closed,editor,org.eclipse.ui.browser,3.3.101.v20111019-1723,"org.eclipse.ui.browser.editor",1414566106007
activated,editor,org.eclipse.ui.browser,3.3.101.v20111019-1723,"org.eclipse.ui.browser.editor",1414566106507
activated,editor,org.eclipse.ui.browser,3.3.101.v20111019-1723,"org.eclipse.ui.browser.editor",1414566108008
activated,editor,org.eclipse.jdt.ui,3.7.2.v20120109-1427,"org.eclipse.jdt.ui.CompilationUnitEditor",1414566112758
activated,view,org.eclipse.ui.navigator.resources,3.4.300.v20110928-1505,"org.eclipse.ui.navigator.ProjectExplorer",1414566126851
activated,editor,org.eclipse.jst.jsp.ui,1.1.602.v201112071516,"org.eclipse.jst.jsp.core.jspsource.source",1414566129185
executed,command,org.eclipse.ui,3.7.0.v20110928-1505,"org.eclipse.ui.edit.copy",1414566135544
executed,command,org.eclipse.ui,3.7.0.v20110928-1505,"org.eclipse.ui.edit.copy",1414566135864
executed,command,org.eclipse.ui,3.7.0.v20110928-1505,"org.eclipse.ui.edit.copy",1414566136074
executed,command,org.eclipse.ui,3.7.0.v20110928-1505,"org.eclipse.ui.edit.copy",1414566136274
executed,command,org.eclipse.ui,3.7.0.v20110928-1505,"org.eclipse.ui.edit.copy",1414566137404
executed,command,org.eclipse.ui,3.7.0.v20110928-1505,"org.eclipse.ui.edit.copy",1414566137614
executed,command,org.eclipse.ui,3.7.0.v20110928-1505,"org.eclipse.ui.edit.copy",1414566137834
executed,command,org.eclipse.ui,3.7.0.v20110928-1505,"org.eclipse.ui.edit.copy",1414566138604
executed,command,org.eclipse.ui,3.7.0.v20110928-1505,"org.eclipse.ui.edit.copy",1414566138844
executed,command,org.eclipse.ui,3.7.0.v20110928-1505,"org.eclipse.ui.edit.copy",1414566139164
executed,command,org.eclipse.ui,3.7.0.v20110928-1505,"org.eclipse.ui.edit.copy",1414566140734
executed,command,org.eclipse.ui,3.7.0.v20110928-1505,"org.eclipse.ui.edit.copy",1414566141294
executed,command,org.eclipse.ui,3.7.0.v20110928-1505,"org.eclipse.ui.edit.copy",1414566141824
executed,command,org.eclipse.ui,3.7.0.v20110928-1505,"org.eclipse.ui.edit.copy",1414566142024
executed,command,org.eclipse.ui,3.7.0.v20110928-1505,"org.eclipse.ui.edit.copy",1414566142184
executed,command,org.eclipse.ui,3.7.0.v20110928-1505,"org.eclipse.ui.edit.copy",1414566142484
executed,command,org.eclipse.ui,3.7.0.v20110928-1505,"org.eclipse.ui.edit.copy",1414566142774
executed,command,org.eclipse.ui,3.7.0.v20110928-1505,"org.eclipse.ui.edit.copy",1414566143224
executed,command,org.eclipse.ui,3.7.0.v20110928-1505,"org.eclipse.ui.edit.copy",1414566148155
activated,editor,org.eclipse.jst.jsp.ui,1.1.602.v201112071516,"org.eclipse.jst.jsp.core.jspsource.source",1414566149555
activated,editor,org.eclipse.jst.jsp.ui,1.1.602.v201112071516,"org.eclipse.jst.jsp.core.jspsource.source",1414566150625
activated,editor,org.eclipse.jdt.ui,3.7.2.v20120109-1427,"org.eclipse.jdt.ui.CompilationUnitEditor",1414566152295
executed,command,org.eclipse.ui,3.7.0.v20110928-1505,"org.eclipse.ui.edit.paste",1414566155046
activated,editor,org.eclipse.jst.jsp.ui,1.1.602.v201112071516,"org.eclipse.jst.jsp.core.jspsource.source",1414566157256
activated,editor,org.eclipse.jst.jsp.ui,1.1.602.v201112071516,"org.eclipse.jst.jsp.core.jspsource.source",1414566169965
executed,command,org.eclipse.ui,3.7.0.v20110928-1505,"org.eclipse.ui.edit.copy",1414566174205
executed,command,org.eclipse.ui,3.7.0.v20110928-1505,"org.eclipse.ui.edit.copy",1414566174595
executed,command,org.eclipse.ui,3.7.0.v20110928-1505,"org.eclipse.ui.edit.copy",1414566175025
executed,command,org.eclipse.ui,3.7.0.v20110928-1505,"org.eclipse.ui.edit.copy",1414566175245
executed,command,org.eclipse.ui,3.7.0.v20110928-1505,"org.eclipse.ui.edit.copy",1414566175415
executed,command,org.eclipse.ui,3.7.0.v20110928-1505,"org.eclipse.ui.edit.copy",1414566176189
executed,command,org.eclipse.ui,3.7.0.v20110928-1505,"org.eclipse.ui.edit.copy",1414566176579
executed,command,org.eclipse.ui,3.7.0.v20110928-1505,"org.eclipse.ui.edit.copy",1414566176939
executed,command,org.eclipse.ui,3.7.0.v20110928-1505,"org.eclipse.ui.edit.copy",1414566177259
executed,command,org.eclipse.ui,3.7.0.v20110928-1505,"org.eclipse.ui.edit.copy",1414566177419
activated,editor,org.eclipse.jdt.ui,3.7.2.v20120109-1427,"org.eclipse.jdt.ui.CompilationUnitEditor",1414566178259
executed,command,org.eclipse.ui,3.7.0.v20110928-1505,"org.eclipse.ui.edit.paste",1414566179189
executed,command,org.eclipse.ui,3.7.0.v20110928-1505,"org.eclipse.ui.file.save",1414566180529
activated,editor,org.eclipse.jst.jsp.ui,1.1.602.v201112071516,"org.eclipse.jst.jsp.core.jspsource.source",1414566191598
activated,view,org.eclipse.ui.navigator.resources,3.4.300.v20110928-1505,"org.eclipse.ui.navigator.ProjectExplorer",1414566193068
activated,editor,org.eclipse.jst.jsp.ui,1.1.602.v201112071516,"org.eclipse.jst.jsp.core.jspsource.source",1414566193218
executed,command,org.eclipse.ui,3.7.0.v20110928-1505,"org.eclipse.ui.file.refresh",1414566195158
opened,editor,org.eclipse.ui.browser,3.3.101.v20111019-1723,"org.eclipse.ui.browser.editor",1414566199189
activated,editor,org.eclipse.ui.browser,3.3.101.v20111019-1723,"org.eclipse.ui.browser.editor",1414566199219
no handler,command,org.eclipse.ui,3.7.0.v20110928-1505,"org.eclipse.ui.edit.copy",1414566220691
no handler,command,org.eclipse.ui,3.7.0.v20110928-1505,"org.eclipse.ui.edit.copy",1414566220691
activated,view,org.eclipse.ui.navigator.resources,3.4.300.v20110928-1505,"org.eclipse.ui.navigator.ProjectExplorer",1414566224571
activated,editor,org.eclipse.jst.jsp.ui,1.1.602.v201112071516,"org.eclipse.jst.jsp.core.jspsource.source",1414566225107
activated,view,org.eclipse.ui.navigator.resources,3.4.300.v20110928-1505,"org.eclipse.ui.navigator.ProjectExplorer",1414566227387
activated,editor,org.eclipse.jdt.ui,3.7.2.v20120109-1427,"org.eclipse.jdt.ui.CompilationUnitEditor",1414566227557
executed,command,org.eclipse.ui,3.7.0.v20110928-1505,"org.eclipse.ui.edit.delete",1414566269756
executed,command,org.eclipse.ui.workbench.texteditor,3.7.0.v20110928-1504,"org.eclipse.ui.edit.text.deletePreviousWord",1414566276906
executed,command,org.eclipse.ui.workbench.texteditor,3.7.0.v20110928-1504,"org.eclipse.ui.edit.text.deletePreviousWord",1414566277036
executed,command,org.eclipse.ui.workbench.texteditor,3.7.0.v20110928-1504,"org.eclipse.ui.edit.text.deletePreviousWord",1414566277157
executed,command,org.eclipse.ui,3.7.0.v20110928-1505,"org.eclipse.ui.edit.copy",1414566290868
activated,view,org.eclipse.ui.navigator.resources,3.4.300.v20110928-1505,"org.eclipse.ui.navigator.ProjectExplorer",1414566291798
activated,editor,org.eclipse.jst.jsp.ui,1.1.602.v201112071516,"org.eclipse.jst.jsp.core.jspsource.source",1414566292429
activated,view,org.eclipse.ui.navigator.resources,3.4.300.v20110928-1505,"org.eclipse.ui.navigator.ProjectExplorer",1414566294429
activated,editor,org.eclipse.jdt.ui,3.7.2.v20120109-1427,"org.eclipse.jdt.ui.CompilationUnitEditor",1414566294589
activated,view,org.eclipse.ui.navigator.resources,3.4.300.v20110928-1505,"org.eclipse.ui.navigator.ProjectExplorer",1414566295279
activated,editor,org.eclipse.jdt.ui,3.7.2.v20120109-1427,"org.eclipse.jdt.ui.CompilationUnitEditor",1414566296189
activated,view,org.eclipse.ui.navigator.resources,3.4.300.v20110928-1505,"org.eclipse.ui.navigator.ProjectExplorer",1414566297819
activated,editor,org.eclipse.jdt.ui,3.7.2.v20120109-1427,"org.eclipse.jdt.ui.CompilationUnitEditor",1414566297969
activated,editor,org.eclipse.jst.jsp.ui,1.1.602.v201112071516,"org.eclipse.jst.jsp.core.jspsource.source",1414566302812
activated,editor,org.eclipse.jdt.ui,3.7.2.v20120109-1427,"org.eclipse.jdt.ui.CompilationUnitEditor",1414566303622
activated,editor,org.eclipse.jdt.ui,3.7.2.v20120109-1427,"org.eclipse.jdt.ui.CompilationUnitEditor",1414566304442
activated,view,org.eclipse.ui.console,3.5.100.v20111007_r372,"org.eclipse.ui.console.ConsoleView",1414566309903
activated,editor,org.eclipse.jdt.ui,3.7.2.v20120109-1427,"org.eclipse.jdt.ui.CompilationUnitEditor",1414566310463
executed,command,org.eclipse.ui,3.7.0.v20110928-1505,"org.eclipse.ui.file.save",1414566315143
executed,command,org.eclipse.ui,3.7.0.v20110928-1505,"org.eclipse.ui.edit.delete",1414566331446
executed,command,org.eclipse.ui,3.7.0.v20110928-1505,"org.eclipse.ui.edit.delete",1414566331586
executed,command,org.eclipse.ui,3.7.0.v20110928-1505,"org.eclipse.ui.edit.delete",1414566332246
executed,command,org.eclipse.ui,3.7.0.v20110928-1505,"org.eclipse.ui.edit.delete",1414566332386
executed,command,org.eclipse.ui,3.7.0.v20110928-1505,"org.eclipse.ui.file.save",1414566333861
executed,command,org.eclipse.ui,3.7.0.v20110928-1505,"org.eclipse.ui.file.save",1414566348773
activated,editor,org.eclipse.jdt.ui,3.7.2.v20120109-1427,"org.eclipse.jdt.ui.CompilationUnitEditor",1414566351973
activated,view,org.eclipse.ui.navigator.resources,3.4.300.v20110928-1505,"org.eclipse.ui.navigator.ProjectExplorer",1414566353874
activated,editor,org.eclipse.jst.jsp.ui,1.1.602.v201112071516,"org.eclipse.jst.jsp.core.jspsource.source",1414566354024
opened,editor,org.eclipse.ui.browser,3.3.101.v20111019-1723,"org.eclipse.ui.browser.editor",1414566358781
activated,editor,org.eclipse.ui.browser,3.3.101.v20111019-1723,"org.eclipse.ui.browser.editor",1414566358811
activated,view,org.eclipse.ui.navigator.resources,3.4.300.v20110928-1505,"org.eclipse.ui.navigator.ProjectExplorer",1414566369942
activated,editor,org.eclipse.jdt.ui,3.7.2.v20120109-1427,"org.eclipse.jdt.ui.CompilationUnitEditor",1414566370102
activated,view,org.eclipse.ui.navigator.resources,3.4.300.v20110928-1505,"org.eclipse.ui.navigator.ProjectExplorer",1414566377087
activated,editor,org.eclipse.jst.jsp.ui,1.1.602.v201112071516,"org.eclipse.jst.jsp.core.jspsource.source",1414566378567
activated,view,org.eclipse.ui.navigator.resources,3.4.300.v20110928-1505,"org.eclipse.ui.navigator.ProjectExplorer",1414566381057
activated,editor,org.eclipse.jdt.ui,3.7.2.v20120109-1427,"org.eclipse.jdt.ui.CompilationUnitEditor",1414566381227
activated,editor,org.eclipse.ui.browser,3.3.101.v20111019-1723,"org.eclipse.ui.browser.editor",1414566394973
activated,editor,org.eclipse.jst.jsp.ui,1.1.602.v201112071516,"org.eclipse.jst.jsp.core.jspsource.source",1414566395683
activated,view,org.eclipse.ui.navigator.resources,3.4.300.v20110928-1505,"org.eclipse.ui.navigator.ProjectExplorer",1414566398463
activated,editor,org.eclipse.jst.jsp.ui,1.1.602.v201112071516,"org.eclipse.jst.jsp.core.jspsource.source",1414566398663
activated,view,org.eclipse.ui.navigator.resources,3.4.300.v20110928-1505,"org.eclipse.ui.navigator.ProjectExplorer",1414566400464
activated,editor,org.eclipse.jdt.ui,3.7.2.v20120109-1427,"org.eclipse.jdt.ui.CompilationUnitEditor",1414566400684
deactivated,workbench,org.eclipse.ui.workbench,3.7.1.v20120104-1859,"",1414566406770
activated,workbench,org.eclipse.ui.workbench,3.7.1.v20120104-1859,"",1414566406840
deactivated,workbench,org.eclipse.ui.workbench,3.7.1.v20120104-1859,"",1414566406960
activated,workbench,org.eclipse.ui.workbench,3.7.1.v20120104-1859,"",1414566408130
executed,command,org.eclipse.ui,3.7.0.v20110928-1505,"org.eclipse.ui.edit.copy",1414566411103
executed,command,org.eclipse.ui,3.7.0.v20110928-1505,"org.eclipse.ui.edit.paste",1414566411713
executed,command,org.eclipse.ui,3.7.0.v20110928-1505,"org.eclipse.ui.edit.undo",1414566419073
executed,command,org.eclipse.ui,3.7.0.v20110928-1505,"org.eclipse.ui.edit.undo",1414566419273
executed,command,org.eclipse.ui,3.7.0.v20110928-1505,"org.eclipse.ui.edit.undo",1414566419889
executed,command,org.eclipse.ui,3.7.0.v20110928-1505,"org.eclipse.ui.edit.undo",1414566420259
executed,command,org.eclipse.ui,3.7.0.v20110928-1505,"org.eclipse.ui.file.save",1414566421759
activated,view,org.eclipse.ui.navigator.resources,3.4.300.v20110928-1505,"org.eclipse.ui.navigator.ProjectExplorer",1414566423159
activated,editor,org.eclipse.jst.jsp.ui,1.1.602.v201112071516,"org.eclipse.jst.jsp.core.jspsource.source",1414566425210
activated,editor,org.eclipse.jdt.ui,3.7.2.v20120109-1427,"org.eclipse.jdt.ui.CompilationUnitEditor",1414566426220
opened,editor,org.eclipse.ui.browser,3.3.101.v20111019-1723,"org.eclipse.ui.browser.editor",1414566431518
activated,editor,org.eclipse.ui.browser,3.3.101.v20111019-1723,"org.eclipse.ui.browser.editor",1414566431548
activated,editor,org.eclipse.jdt.ui,3.7.2.v20120109-1427,"org.eclipse.jdt.ui.CompilationUnitEditor",1414566433265
closed,editor,org.eclipse.ui.browser,3.3.101.v20111019-1723,"org.eclipse.ui.browser.editor",1414566433265
activated,view,org.eclipse.ui.navigator.resources,3.4.300.v20110928-1505,"org.eclipse.ui.navigator.ProjectExplorer",1414566434505
activated,editor,org.eclipse.jst.jsp.ui,1.1.602.v201112071516,"org.eclipse.jst.jsp.core.jspsource.source",1414566434665
opened,editor,org.eclipse.ui.browser,3.3.101.v20111019-1723,"org.eclipse.ui.browser.editor",1414566435465
activated,editor,org.eclipse.ui.browser,3.3.101.v20111019-1723,"org.eclipse.ui.browser.editor",1414566435495
activated,view,org.eclipse.ui.navigator.resources,3.4.300.v20110928-1505,"org.eclipse.ui.navigator.ProjectExplorer",1414566444633
activated,editor,org.eclipse.jdt.ui,3.7.2.v20120109-1427,"org.eclipse.jdt.ui.CompilationUnitEditor",1414566446173
executed,command,org.eclipse.ui,3.7.0.v20110928-1505,"org.eclipse.ui.file.save",1414566456334
activated,editor,org.eclipse.jst.jsp.ui,1.1.602.v201112071516,"org.eclipse.jst.jsp.core.jspsource.source",1414566459495
activated,editor,org.eclipse.jdt.ui,3.7.2.v20120109-1427,"org.eclipse.jdt.ui.CompilationUnitEditor",1414566460486
opened,editor,org.eclipse.ui.browser,3.3.101.v20111019-1723,"org.eclipse.ui.browser.editor",1414566465121
activated,editor,org.eclipse.ui.browser,3.3.101.v20111019-1723,"org.eclipse.ui.browser.editor",1414566465161
activated,editor,org.eclipse.jst.jsp.ui,1.1.602.v201112071516,"org.eclipse.jst.jsp.core.jspsource.source",1414566478108
activated,view,org.eclipse.ui.navigator.resources,3.4.300.v20110928-1505,"org.eclipse.ui.navigator.ProjectExplorer",1414566479298
activated,editor,org.eclipse.jst.jsp.ui,1.1.602.v201112071516,"org.eclipse.jst.jsp.core.jspsource.source",1414566480338
opened,editor,org.eclipse.ui.browser,3.3.101.v20111019-1723,"org.eclipse.ui.browser.editor",1414566481228
activated,editor,org.eclipse.ui.browser,3.3.101.v20111019-1723,"org.eclipse.ui.browser.editor",1414566481248
activated,view,org.eclipse.ui.navigator.resources,3.4.300.v20110928-1505,"org.eclipse.ui.navigator.ProjectExplorer",1414566491372
activated,editor,org.eclipse.jdt.ui,3.7.2.v20120109-1427,"org.eclipse.jdt.ui.CompilationUnitEditor",1414566491542
executed,command,org.eclipse.ui.workbench.texteditor,3.7.0.v20110928-1504,"org.eclipse.ui.edit.text.goto.lineStart",1414566502106
executed,command,org.eclipse.ui,3.7.0.v20110928-1505,"org.eclipse.ui.file.save",1414566507842
activated,view,org.eclipse.ui.navigator.resources,3.4.300.v20110928-1505,"org.eclipse.ui.navigator.ProjectExplorer",1414566511883
activated,editor,org.eclipse.jst.jsp.ui,1.1.602.v201112071516,"org.eclipse.jst.jsp.core.jspsource.source",1414566512043
opened,editor,org.eclipse.ui.browser,3.3.101.v20111019-1723,"org.eclipse.ui.browser.editor",1414566516667
activated,editor,org.eclipse.ui.browser,3.3.101.v20111019-1723,"org.eclipse.ui.browser.editor",1414566516697
activated,view,org.eclipse.ui.navigator.resources,3.4.300.v20110928-1505,"org.eclipse.ui.navigator.ProjectExplorer",1414566528623
activated,editor,org.eclipse.jdt.ui,3.7.2.v20120109-1427,"org.eclipse.jdt.ui.CompilationUnitEditor",1414566530153
activated,view,org.eclipse.ui.navigator.resources,3.4.300.v20110928-1505,"org.eclipse.ui.navigator.ProjectExplorer",1414566531880
activated,editor,org.eclipse.jdt.ui,3.7.2.v20120109-1427,"org.eclipse.jdt.ui.CompilationUnitEditor",1414566532220
activated,view,org.eclipse.ui.navigator.resources,3.4.300.v20110928-1505,"org.eclipse.ui.navigator.ProjectExplorer",1414566542262
activated,editor,org.eclipse.jst.jsp.ui,1.1.602.v201112071516,"org.eclipse.jst.jsp.core.jspsource.source",1414566558169
activated,view,org.eclipse.ui.navigator.resources,3.4.300.v20110928-1505,"org.eclipse.ui.navigator.ProjectExplorer",1414566567861
executed,command,org.eclipse.ui,3.7.0.v20110928-1505,"org.eclipse.ui.edit.copy",1414566568841
activated,editor,org.eclipse.jst.jsp.ui,1.1.602.v201112071516,"org.eclipse.jst.jsp.core.jspsource.source",1414566569011
executed,command,org.eclipse.ui,3.7.0.v20110928-1505,"org.eclipse.ui.edit.paste",1414566569361
